{"glyphs":{},"familyName":"AGAalenBold","ascender":1514,"descender":-351,"underlinePosition":-157,"underlineThickness":281,"boundingBox":{"yMin":-351,"xMin":-35,"yMax":1514,"xMax":1617},"resolution":1000,"original_font_information":{"format":0,"copyright":"©1991,1993 Tilde Ltd. AG Fonts collection.","fontFamily":"AGAalenBold","fontSubfamily":"Roman","uniqueID":"Alts:AGAalenBold Roman","fullName":"AGAalenBold Roman","version":"1.0 Tue Mar 22 21:13:49 1994","postScriptName":"AGAalenBold-Roman"},"cssFontWeight":"normal","cssFontStyle":"normal"}